{"ts":1767674007957.75,"reason":"leave","category":"manual","pos":{"x":49.5,"y":72.5,"z":72.72337888599355},"health":18.499999046325684,"food":17.75,"inventory":[{"id":424,"name":"wheat_seeds","count":1.5},{"id":62.5,"name":"dirt","count":3.5}],"stats":{"kills":0,"blocksMined":1.75,"itemsCollected":0,"attacks":0},"planLog":[],"episodeLog":{"inputs":[],"outputs":[],"actions":{},"planLog":[],"truncated":false},"nearbyEntities":{"0":{"id":19,"type":"animal","name":"cow","pos":{"x":72.83044454601787,"y":71.25,"z":83.90530462603589}},"1":{"id":22,"type":"animal","name":"pig","pos":{"x":113.25334332114107,"y":71,"z":98.49951980389525}},"2":{"id":23,"type":"animal","name":"cow","pos":{"x":84.7957406695833,"y":71.25,"z":127.52193426824604}},"3":{"id":25.25,"type":"animal","name":"cow","pos":{"x":85.61951395173281,"y":70.25,"z":111.51349241163922}},"4":{"id":33.25,"type":"other","name":"chest_minecart","pos":{"x":89.18632261130803,"y":44.765625,"z":91.23155925884338}},"5":{"id":42.75,"type":"animal","name":"cow","pos":{"x":84.36151291313112,"y":48.265625,"z":132.67697227247487}},"6":{"id":44,"type":"animal","name":"cow","pos":{"x":77.81767794630231,"y":69.5,"z":131.0586142841069}},"7":{"id":47.75,"type":"animal","name":"cow","pos":{"x":54.58632708874062,"y":27.53125,"z":133.51343066504108}},"8":{"id":48.75,"type":"animal","name":"cow","pos":{"x":45.26396149099101,"y":70.5,"z":127.15281294719162}},"9":{"id":50.25,"type":"animal","name":"cow","pos":{"x":44.51549386831337,"y":70.5,"z":127.28702319908223}},"10":{"id":54.25,"type":"animal","name":"sheep","pos":{"x":63.00817863825278,"y":70.25,"z":120.02106256839977}},"11":{"id":98,"type":"player","name":"player","pos":{"x":54.60005281663216,"y":71,"z":104.96058157607573}},"12":{"id":2968.5,"type":"hostile","name":"skeleton","pos":{"x":69.54911967756925,"y":69.75,"z":100.78887370954817}},"13":{"id":3066.75,"pos":{"x":64.75400685473075,"y":55.66522903569279,"z":71.55408528287596}},"14":{"id":5178.25,"type":"player","name":"player","pos":{"x":87.174983982531,"y":70.75,"z":83.33953074050888}},"15":{"id":5188,"type":"hostile","name":"skeleton","pos":{"x":69.75981485306451,"y":56.25,"z":76.40851187887802}},"16":{"id":5243,"type":"water_creature","name":"salmon","pos":{"x":83.84141009972676,"y":66.48258493032328,"z":70.50919667133945}},"17":{"id":5369.75,"type":"hostile","name":"zombie","pos":{"x":33.14402199335143,"y":71.16209397009101,"z":74.69710396353119}},"18":{"id":8298,"type":"hostile","name":"skeleton","pos":{"x":68.92026602502031,"y":32.5,"z":90.53718016750082}},"19":{"id":8838.25,"type":"hostile","name":"creeper","pos":{"x":32.312579228394,"y":19.914671827668307,"z":111.99181550805584}},"20":{"id":8866.5,"type":"hostile","name":"skeleton","pos":{"x":2.8870637693865415,"y":11.680361632083077,"z":91.9249966121984}},"21":{"id":8911.25,"type":"hostile","name":"zombie","pos":{"x":15.552832486231638,"y":17.93067949161173,"z":108.7464722028747}},"22":{"id":8960.75,"type":"other","name":"item","pos":{"x":39.46543060864266,"y":-9.75,"z":47.44535724618005}},"23":{"id":9019,"type":"hostile","name":"zombie","pos":{"x":90.0625,"y":17.5,"z":59.91146233016293}},"24":{"id":9029,"type":"water_creature","name":"squid","pos":{"x":58.0423620743677,"y":7.5650752309011295,"z":73.93520772485385}},"25":{"id":9036.75,"type":"water_creature","name":"squid","pos":{"x":56.90000813529168,"y":34.59778699174058,"z":87.29303293886375}},"26":{"id":9045.75,"type":"water_creature","name":"salmon","pos":{"x":60.16337691256064,"y":30.948679416560914,"z":71.49204792230185}},"27":{"id":9070.5,"type":"water_creature","name":"salmon","pos":{"x":51.55722175140744,"y":66.25,"z":72.61015316227825}},"28":{"id":9097.5,"type":"hostile","name":"skeleton","pos":{"x":13.5,"y":2.75,"z":70.75}},"29":{"id":9121.75,"type":"water_creature","name":"salmon","pos":{"x":37.45295412479866,"y":22.626222445920128,"z":111.79377595876906}},"30":{"id":9151.5,"type":"water_creature","name":"salmon","pos":{"x":36.944238851896706,"y":-0.3049830608077997,"z":86.70038945782676}},"31":{"id":9173.25,"type":"water_creature","name":"salmon","pos":{"x":77.76720005120262,"y":2.0744828945366685,"z":102.6722252626432}},"32":{"id":9174.25,"type":"hostile","name":"creeper","pos":{"x":61.25,"y":-13.5,"z":104.75}},"33":{"id":9177.25,"type":"hostile","name":"skeleton","pos":{"x":33.657511139288545,"y":46.66968116723001,"z":36.20981125422675}},"34":{"id":9180,"type":"ambient","name":"bat","pos":{"x":72.50120879547332,"y":15.754497070360966,"z":77.75068685496146}},"35":{"id":9184,"type":"hostile","name":"creeper","pos":{"x":49.91153239234218,"y":28.5745326484429,"z":45.74418206384031}},"36":{"id":9194.5,"type":"hostile","name":"skeleton","pos":{"x":71.84464820560635,"y":30.922836815421192,"z":63.05828712178713}},"37":{"id":9199.25,"type":"water_creature","name":"salmon","pos":{"x":57.67774880914687,"y":12.997185860837554,"z":71.90640269653022}},"38":{"id":9204,"type":"hostile","name":"zombie","pos":{"x":59.18187616719108,"y":30.25,"z":132.0821013696031}},"39":{"id":9206.5,"type":"hostile","name":"spider","pos":{"x":30.872578629567343,"y":9.75,"z":100.30728101222826}},"40":{"id":9209.5,"type":"hostile","name":"creeper","pos":{"x":36.72472366726366,"y":2.3773788904072717,"z":59.856156497934336}},"41":{"id":9216,"type":"hostile","name":"skeleton","pos":{"x":67.75,"y":-2.25,"z":44.75}},"42":{"id":9220,"type":"ambient","name":"bat","pos":{"x":78.84936338065907,"y":-14.528466942009224,"z":72.50838528091803}},"43":{"id":9221.75,"type":"ambient","name":"bat","pos":{"x":26.110373403255565,"y":22.167373266865393,"z":35.422474659956855}},"44":{"id":9224.25,"type":"water_creature","name":"salmon","pos":{"x":43.961845476010836,"y":7.122838626381775,"z":80.9396443378523}},"45":{"id":9226,"type":"water_creature","name":"salmon","pos":{"x":19.3580322265625,"y":18.17279052734375,"z":35.10296630859375}},"46":{"id":9229,"type":"water_creature","name":"salmon","pos":{"x":11.838713017274808,"y":13.74239979313626,"z":65.03412972498118}},"47":{"id":9234,"type":"hostile","name":"zombie","pos":{"x":53.421634625429796,"y":0,"z":100.85545975934048}},"48":{"id":9241,"type":"hostile","name":"skeleton","pos":{"x":71.6011139324557,"y":6.539437112808228,"z":65.11391600966454}},"49":{"id":9244,"type":"hostile","name":"creeper","pos":{"x":60.44921875,"y":4.502685546875,"z":61.89251708984375}},"50":{"id":9246.25,"type":"water_creature","name":"salmon","pos":{"x":52.3538818359375,"y":24.24298095703125,"z":53.00714111328125}},"51":{"id":9249.25,"type":"water_creature","name":"salmon","pos":{"x":36.98693674983049,"y":13.378942725959527,"z":90.23546130222584}},"52":{"id":9251.25,"type":"hostile","name":"creeper","pos":{"x":24.76361083984375,"y":21.841552734375,"z":48.61798095703125}},"53":{"id":9253.75,"type":"hostile","name":"creeper","pos":{"x":43.98565673828125,"y":43.69244384765625,"z":27.26263427734375}},"54":{"id":9254.75,"type":"hostile","name":"zombie","pos":{"x":41.74904533959663,"y":43.7471923828125,"z":28.46208356234109}},"55":{"id":9256.25,"type":"hostile","name":"creeper","pos":{"x":-7.524485520979072,"y":4.25,"z":93.2059064695839}},"56":{"id":9259,"type":"water_creature","name":"salmon","pos":{"x":1.3814481019543168,"y":35.666259765625,"z":64.35446378972982}},"57":{"id":9260,"type":"water_creature","name":"salmon","pos":{"x":47.43280029296875,"y":24.4891357421875,"z":39.75439453125}},"58":{"id":9261,"type":"water_creature","name":"salmon","pos":{"x":56.136031335457595,"y":6.50006103515625,"z":33.92192834801562}},"59":{"id":9262,"type":"water_creature","name":"salmon","pos":{"x":63.1033935546875,"y":2.49957275390625,"z":51.312744140625}},"60":{"id":9263,"type":"water_creature","name":"salmon","pos":{"x":51.14605712890625,"y":32.6680908203125,"z":49.8751220703125}},"61":{"id":9264,"type":"hostile","name":"skeleton","pos":{"x":17.57975223339031,"y":45.36769862276884,"z":43.00640944109047}},"62":{"id":9265.5,"type":"hostile","name":"skeleton","pos":{"x":19.722217477240804,"y":44.787353515625,"z":42.05768776798608}},