{"ts":1767673434629.125,"reason":"kicked","category":"generic","pos":{"x":50.75,"y":74.25,"z":75.36168944299678},"health":19.249999523162842,"food":18.875,"inventory":{},"stats":{"kills":0,"blocksMined":0.875,"itemsCollected":0,"attacks":0}}