{"ts":1767674807615.2812,"reason":"kicked","category":"generic","pos":{"x":50.497468701007065,"y":75.125,"z":80.74293944299677},"health":19.249999523162842,"food":18.875,"inventory":{},"stats":{"kills":0,"blocksMined":0.875,"itemsCollected":0,"attacks":0}}